{
  "phase": "4f",
  "method": "OpenMM single-point + GBn2 implicit solvent (static snapshot, not MD MM-GBSA)",
  "target_cif": "/Users/egorlyfar/Sites/site-strc-egor-lol/public/models/job-ultramini-x-tmem145-full.cif",
  "reference_gap_kcal_mol": 8.4,
  "recovery_gate": 0.3,
  "apo_interface": {
    "e_complex_kcal": 55000.0887267553,
    "e_chain_a_kcal": 5963.972722989352,
    "e_chain_b_kcal": 26437.70834542137,
    "dg_interface_kcal": 22598.40765834457
  },
  "results": [
    {
      "name": "indole-3-acetic-acid",
      "smiles": "OC(=O)Cc1c[nH]c2ccccc12",
      "vina_best_affinity_kcal": -6.05,
      "apo_interface_dg_kcal": 22598.40765834457,
      "bound_interface_dg_kcal": 16526.343816158223,
      "ddg_rescue_kcal": 6072.063842186348,
      "recovery_fraction": 722.8647431174223,
      "passes_30pct_gate": true,
      "raw": {
        "apo": {
          "e_complex_kcal": 55000.0887267553,
          "e_chain_a_kcal": 5963.972722989352,
          "e_chain_b_kcal": 26437.70834542137,
          "dg_interface_kcal": 22598.40765834457
        },
        "bound": {
          "e_complex_kcal": 54957.86343787369,
          "e_chain_a_kcal": 11993.811276294095,
          "e_chain_b_kcal": 26437.70834542137,
          "dg_interface_kcal": 16526.343816158223
        }
      }
    }
  ],
  "n_pass": 1,
  "verdict": "PASS",
  "timestamp": "2026-04-22T02:27:33.421888+00:00"
}