{
  "pocket_centroid_A": [
    7.705,
    -5.41,
    -41.480000000000004
  ],
  "k1141_nz_A": [
    4.791999816894531,
    -6.738999843597412,
    -45.3650016784668
  ],
  "f1646_ring_A": [
    6.4913330078125,
    -11.023999214172363,
    -42.024166107177734
  ],
  "protein_atoms_context": 446,
  "n_conformers_per_lig": 30,
  "n_rotations_per_conf": 24,
  "ranked_poses": [
    {
      "category": "C-fragment",
      "name": "salicylic-acid",
      "smiles": "OC(=O)c1ccccc1O",
      "composite_3B": 0.8959936646088343,
      "anion_arom_d_ligand_A": 3.664559137284093,
      "best_pose": {
        "conformer": 5,
        "rotation": 19,
        "theta_deg": 285.0,
        "score": 2.0,
        "pocket_fill": 10,
        "contact": 10,
        "clash": 0,
        "heavy_atoms": 10,
        "aromatic_d_to_F1646_A": 4.964984329486416,
        "acid_c_xyz": [
          7.4578877052343975,
          -6.0674657644819066,
          -44.05498624608964
        ]
      },
      "final_score": 1.7919873292176687
    },
    {
      "category": "C-fragment",
      "name": "nicotinic-acid",
      "smiles": "OC(=O)c1cccnc1",
      "composite_3B": 0.8427178538944834,
      "anion_arom_d_ligand_A": 3.6330624008503403,
      "best_pose": {
        "conformer": 0,
        "rotation": 11,
        "theta_deg": 165.0,
        "score": 2.0,
        "pocket_fill": 9,
        "contact": 9,
        "clash": 0,
        "heavy_atoms": 9,
        "aromatic_d_to_F1646_A": 6.409791001124105,
        "acid_c_xyz": [
          6.5359895196317455,
          -6.623802724514814,
          -42.0194227776476
        ]
      },
      "final_score": 1.6854357077889668
    },
    {
      "category": "C-fragment",
      "name": "cyclopropane-1-carboxyphenyl",
      "smiles": "OC(=O)C1(c2ccccc2)CC1",
      "composite_3B": 0.8395358042326052,
      "anion_arom_d_ligand_A": 4.452718081140248,
      "best_pose": {
        "conformer": 9,
        "rotation": 21,
        "theta_deg": 315.0,
        "score": 2.0,
        "pocket_fill": 12,
        "contact": 12,
        "clash": 0,
        "heavy_atoms": 12,
        "aromatic_d_to_F1646_A": 4.173234209290387,
        "acid_c_xyz": [
          5.734042834403332,
          -6.022438955181301,
          -42.03788622016556
        ]
      },
      "final_score": 1.6790716084652104
    },
    {
      "category": "C-fragment",
      "name": "indole-3-acetic-acid",
      "smiles": "OC(=O)Cc1c[nH]c2ccccc12",
      "composite_3B": 0.9014694496938787,
      "anion_arom_d_ligand_A": 4.813386695794094,
      "best_pose": {
        "conformer": 1,
        "rotation": 17,
        "theta_deg": 255.00000000000003,
        "score": 1.8461538461538463,
        "pocket_fill": 12,
        "contact": 12,
        "clash": 0,
        "heavy_atoms": 13,
        "aromatic_d_to_F1646_A": 5.155474836098184,
        "acid_c_xyz": [
          7.291043021683479,
          -5.981332853769527,
          -42.17560069953667
        ]
      },
      "final_score": 1.6642512917425454
    },
    {
      "category": "C-fragment",
      "name": "naphthalene-2-carboxylic-acid",
      "smiles": "OC(=O)c1ccc2ccccc2c1",
      "composite_3B": 0.855322986933003,
      "anion_arom_d_ligand_A": 3.645181914999041,
      "best_pose": {
        "conformer": 24,
        "rotation": 12,
        "theta_deg": 180.0,
        "score": 1.9230769230769231,
        "pocket_fill": 12,
        "contact": 13,
        "clash": 0,
        "heavy_atoms": 13,
        "aromatic_d_to_F1646_A": 4.689028681751966,
        "acid_c_xyz": [
          6.771792438976816,
          -7.091165637646794,
          -42.505588713432225
        ]
      },
      "final_score": 1.6448518979480828
    },
    {
      "category": "C-fragment",
      "name": "4-chlorobenzoate",
      "smiles": "OC(=O)c1ccc(Cl)cc1",
      "composite_3B": 0.8508279792549434,
      "anion_arom_d_ligand_A": 3.64026031866236,
      "best_pose": {
        "conformer": 1,
        "rotation": 13,
        "theta_deg": 195.0,
        "score": 1.9,
        "pocket_fill": 9,
        "contact": 10,
        "clash": 0,
        "heavy_atoms": 10,
        "aromatic_d_to_F1646_A": 5.207559350368368,
        "acid_c_xyz": [
          6.802682170628726,
          -6.92457641322051,
          -42.31003424483533
        ]
      },
      "final_score": 1.6165731605843923
    },
    {
      "category": "C-fragment",
      "name": "tolfenamic-acid",
      "smiles": "Cc1ccccc1Nc1ccccc1C(=O)O",
      "composite_3B": 0.8668675882097592,
      "anion_arom_d_ligand_A": 3.7013865534178145,
      "best_pose": {
        "conformer": 1,
        "rotation": 9,
        "theta_deg": 135.0,
        "score": 1.7647058823529411,
        "pocket_fill": 17,
        "contact": 13,
        "clash": 0,
        "heavy_atoms": 17,
        "aromatic_d_to_F1646_A": 8.55762885988951,
        "acid_c_xyz": [
          7.363303130821501,
          -6.939126743902854,
          -43.37875209106446
        ]
      },
      "final_score": 1.5297663321348691
    },
    {
      "category": "C-fragment",
      "name": "diflunisal",
      "smiles": "OC(=O)c1cc(-c2ccc(F)cc2F)ccc1O",
      "composite_3B": 0.8642036354849177,
      "anion_arom_d_ligand_A": 3.638527110280743,
      "best_pose": {
        "conformer": 3,
        "rotation": 18,
        "theta_deg": 270.0,
        "score": 1.3888888888888888,
        "pocket_fill": 8,
        "contact": 17,
        "clash": 0,
        "heavy_atoms": 18,
        "aromatic_d_to_F1646_A": 8.499730783032033,
        "acid_c_xyz": [
          6.335904842179811,
          -5.389368615626886,
          -44.405491523339855
        ]
      },
      "final_score": 1.2002828270623858
    },
    {
      "category": "C-fragment",
      "name": "fenbufen",
      "smiles": "OC(=O)CCC(=O)c1ccc(-c2ccccc2)cc1",
      "composite_3B": 0.8233350643696076,
      "anion_arom_d_ligand_A": 5.371765264009801,
      "best_pose": {
        "conformer": 6,
        "rotation": 7,
        "theta_deg": 105.0,
        "score": 1.368421052631579,
        "pocket_fill": 12,
        "contact": 14,
        "clash": 0,
        "heavy_atoms": 19,
        "aromatic_d_to_F1646_A": 9.67027236217487,
        "acid_c_xyz": [
          5.670012489846685,
          -6.835271258845417,
          -42.45501430525071
        ]
      },
      "final_score": 1.1266690354531472
    },
    {
      "category": "C-fragment",
      "name": "probenecid",
      "smiles": "CCCN(CCC)S(=O)(=O)c1ccc(C(=O)O)cc1",
      "composite_3B": 0.811524996814263,
      "anion_arom_d_ligand_A": 3.6398909700992674,
      "best_pose": {
        "conformer": 3,
        "rotation": 18,
        "theta_deg": 270.0,
        "score": 1.1578947368421053,
        "pocket_fill": 8,
        "contact": 14,
        "clash": 0,
        "heavy_atoms": 19,
        "aromatic_d_to_F1646_A": 8.714498283876104,
        "acid_c_xyz": [
          7.109717771116761,
          -4.9849794640857,
          -43.74140857490044
        ]
      },
      "final_score": 0.9396605226270415
    }
  ]
}